MMWR_WEEK,WEEK_START,WEEK_END,FLU_RISK_LEVEL,INFLUENZA_SEASON,HOSP_FLU_ICU_WEEKLY,HOSP_FLU_ICU_CUMULATIVE,LAB_FLU_TESTED,LAB_FLU_POSITIVE,LAB_FLU_PCT_POSITIVE,LAB_TOT_A_POSITIVE,LAB_TOT_B_POSITIVE,LAB_TOT_H1N1_POSITIVE,LAB_TOT_H3N2_POSITIVE,LAB_TOT_NOTSUBTYPED_POSITIVE,LAB_TOT_TESTED_CUMULATIVE,LAB_TOT_POSITIVE_CUMULATIVE,LAB_PCT_POSITIVE_CUMULATIVE,ILI_TOT_ILI_ILINET,ILI_TOT_SEEN_ILINET,ILI_PCT_POSITIVE_ILINET,ILI_TOT_ILI_ESSENCE,ILI_TOT_SEEN_ESSENCE,ILI_PCT_POSITIVE_ESSENCE,PEDIATRIC_DEATHS,RECORD_ID
201540,10/04/2015,10/10/2015,LOW,2015-2016,0,0,456,3,0.66,2,1,0,1,1,456,3,0.66,277,7631,3.63,420,23008,1.83,0,2015-40
201541,10/11/2015,10/17/2015,LOW,2015-2016,1,1,501,3,0.60,3,0,2,1,0,957,6,0.63,271,6997,3.87,496,24540,2.02,0,2015-41
201542,10/18/2015,10/24/2015,LOW,2015-2016,0,1,451,1,0.22,1,0,1,0,0,1408,7,0.50,310,7834,3.96,454,23500,1.93,0,2015-42
201543,10/25/2015,10/31/2015,LOW,2015-2016,1,2,507,4,0.79,3,1,1,1,1,1915,11,0.57,271,6755,4.01,355,22499,1.58,0,2015-43
201544,11/01/2015,11/07/2015,LOW,2015-2016,1,3,480,2,0.42,2,0,0,0,2,2395,13,0.54,318,7676,4.14,395,24036,1.64,0,2015-44
201545,11/08/2015,11/14/2015,LOW,2015-2016,2,5,359,5,1.39,5,0,0,1,4,2754,18,0.65,354,7465,4.74,434,23213,1.87,0,2015-45
201546,11/15/2015,11/21/2015,LOW,2015-2016,1,6,526,6,1.14,6,0,3,0,3,3280,24,0.73,330,7496,4.40,463,23574,1.96,0,2015-46
201547,11/22/2015,11/28/2015,LOW,2015-2016,0,6,434,2,0.46,1,1,1,0,0,3714,26,0.70,261,5439,4.80,369,21116,1.75,0,2015-47
201548,11/29/2015,12/05/2015,LOW,2015-2016,0,6,555,2,0.36,2,0,2,0,0,4269,28,0.66,374,7231,5.17,528,24357,2.17,0,2015-48
201549,12/06/2015,12/12/2015,LOW,2015-2016,0,6,477,3,0.63,2,1,2,0,0,4746,31,0.65,408,7676,5.32,527,24795,2.13,0,2015-49
201550,12/13/2015,12/19/2015,LOW,2015-2016,2,8,544,7,1.29,7,0,5,1,1,5290,38,0.72,413,7169,5.76,535,24306,2.20,0,2015-50
201551,12/20/2015,12/26/2015,INCREASING,2015-2016,4,12,547,5,0.91,5,0,3,0,2,5837,43,0.74,284,4428,6.41,670,23151,2.89,0,2015-51
201552,12/27/2015,01/02/2016,INCREASING,2015-2016,2,14,566,6,1.06,5,1,5,0,0,6403,49,0.76,282,4324,6.52,623,21956,2.84,0,2015-52
201601,01/03/2016,01/09/2016,INCREASING,2015-2016,3,17,631,28,4.44,28,0,17,0,11,7034,77,1.10,463,7721,6.00,653,26665,2.45,0,2016-01
201602,01/10/2016,01/16/2016,INCREASING,2015-2016,7,24,560,17,3.04,16,1,13,1,2,7594,94,1.24,440,7599,5.79,683,25602,2.67,0,2016-02
201603,01/17/2016,01/23/2016,INCREASING,2015-2016,5,29,586,19,3.24,18,1,13,2,3,8180,113,1.38,391,7338,5.33,644,25328,2.54,0,2016-03
201604,01/24/2016,01/30/2016,INCREASING,2015-2016,15,44,639,41,6.42,39,2,35,0,4,8819,154,1.75,444,7804,5.69,775,25945,2.99,1,2016-04
201605,01/31/2016,02/06/2016,INCREASING,2015-2016,9,53,693,81,11.69,76,5,64,1,11,9512,235,2.47,494,7813,6.32,734,25282,2.90,0,2016-05
201606,02/07/2016,02/13/2016,INCREASING,2015-2016,22,75,775,122,15.74,119,3,102,1,16,10287,357,3.47,531,7557,7.03,943,25650,3.68,0,2016-06
201607,02/14/2016,02/20/2016,INCREASING,2015-2016,29,104,775,163,21.03,159,4,135,5,19,11062,520,4.70,573,7601,7.54,1122,25915,4.33,0,2016-07
201608,02/21/2016,02/27/2016,INCREASING,2015-2016,36,140,987,188,19.05,182,6,136,5,41,12049,708,5.88,578,7784,7.43,1242,27671,4.49,0,2016-08
201609,02/28/2016,03/05/2016,INCREASING,2015-2016,30,170,1045,219,20.96,209,10,178,5,26,13094,927,7.08,589,7398,7.96,1225,26937,4.55,0,2016-09
201610,03/06/2016,03/12/2016,HIGH,2015-2016,37,207,1064,205,19.27,195,10,157,2,36,14158,1132,8.00,530,8080,6.56,1140,28018,4.07,0,2016-10
201611,03/13/2016,03/19/2016,HIGH,2015-2016,21,228,860,125,14.54,118,7,88,5,25,15018,1257,8.37,460,7848,5.86,851,26383,3.23,0,2016-11
201612,03/20/2016,03/26/2016,DECREASING,2015-2016,15,243,852,89,10.45,77,12,59,3,15,15870,1346,8.48,391,7615,5.13,600,23010,2.61,0,2016-12
201613,03/27/2016,04/02/2016,DECREASING,2015-2016,9,252,772,60,7.77,50,10,41,2,7,16642,1406,8.45,384,7381,5.20,584,25049,2.33,0,2016-13
201614,04/03/2016,04/09/2016,DECREASING,2015-2016,3,255,665,41,6.16,27,14,21,2,4,17307,1447,8.36,328,7551,4.34,514,25386,2.02,0,2016-14
201615,04/10/2016,04/16/2016,DECREASING,2015-2016,2,257,569,22,3.87,13,9,13,0,0,17876,1469,8.22,293,7020,4.17,506,25024,2.02,0,2016-15
201616,04/17/2016,04/23/2016,DECREASING,2015-2016,7,264,527,34,6.45,19,15,15,1,3,18403,1503,8.17,245,7351,3.33,451,24822,1.82,0,2016-16
201617,04/24/2016,04/30/2016,DECREASING,2015-2016,5,269,532,32,6.02,10,22,5,2,3,18935,1535,8.11,245,7636,3.21,292,21779,1.34,0,2016-17
201618,05/01/2016,05/07/2016,DECREASING,2015-2016,2,271,469,9,1.92,5,4,3,2,0,19404,1544,7.96,205,6775,3.03,262,22238,1.18,0,2016-18
201619,05/08/2016,05/14/2016,DECREASING,2015-2016,2,273,471,12,2.55,4,8,2,2,0,19875,1556,7.83,248,6457,3.84,271,22204,1.22,0,2016-19
201620,05/15/2016,05/21/2016,LOW,2015-2016,2,275,405,9,2.22,4,5,4,0,0,20280,1565,7.72,230,7236,3.18,281,23488,1.20,0,2016-20
201621,05/22/2016,05/28/2016,LOW,2015-2016,0,275,277,5,1.80,1,4,1,0,0,20557,1570,7.64,201,6936,2.90,297,24356,1.22,0,2016-21
201622,05/29/2016,06/04/2016,LOW,2015-2016,0,275,354,5,1.41,3,2,2,1,0,20911,1575,7.53,158,5806,2.72,290,25578,1.13,0,2016-22
201623,06/05/2016,06/11/2016,LOW,2015-2016,2,277,373,0,0.00,0,0,0,0,0,21284,1575,7.40,199,7265,2.74,271,25567,1.06,0,2016-23
201624,06/12/2016,06/18/2016,LOW,2015-2016,0,277,324,2,0.62,2,0,1,0,1,21608,1577,7.30,162,6573,2.46,306,25005,1.22,0,2016-24
201625,06/19/2016,06/25/2016,LOW,2015-2016,0,277,304,0,0.00,0,0,0,0,0,21912,1577,7.20,184,6261,2.94,272,25167,1.08,0,2016-25
201626,06/26/2016,07/02/2016,LOW,2015-2016,0,277,229,0,0.00,0,0,0,0,0,22141,1577,7.12,174,5800,3.00,236,24973,0.95,0,2016-26
201627,07/03/2016,07/09/2016,LOW,2015-2016,0,277,233,1,0.43,1,0,0,1,0,22374,1578,7.05,108,3745,2.88,254,24655,1.03,0,2016-27
201628,07/10/2016,07/16/2016,LOW,2015-2016,0,277,276,0,0.00,0,0,0,0,0,22650,1578,6.97,140,6226,2.25,252,25374,0.99,0,2016-28
201629,07/17/2016,07/23/2016,LOW,2015-2016,0,277,267,0,0.00,0,0,0,0,0,22917,1578,6.89,144,5860,2.46,225,24984,0.90,0,2016-29
201630,07/24/2016,07/30/2016,LOW,2015-2016,0,277,259,2,0.77,2,0,0,2,0,23176,1580,6.82,127,5362,2.37,204,25424,0.80,0,2016-30
201631,07/31/2016,08/06/2016,LOW,2015-2016,0,277,286,0,0.00,0,0,0,0,0,23462,1580,6.73,119,6017,1.98,185,25265,0.73,0,2016-31
201632,08/07/2016,08/13/2016,LOW,2015-2016,0,277,295,1,0.34,1,0,0,1,0,23757,1581,6.66,120,6702,1.79,229,26157,0.88,0,2016-32
201633,08/14/2016,08/20/2016,LOW,2015-2016,0,277,265,0,0.00,0,0,0,0,0,24022,1581,6.58,124,6435,1.93,231,25990,0.89,0,2016-33
201634,08/21/2016,08/27/2016,LOW,2015-2016,0,277,250,0,0.00,0,0,0,0,0,24272,1581,6.51,162,6500,2.49,207,25014,0.83,0,2016-34
201635,08/28/2016,09/03/2016,LOW,2015-2016,0,277,301,1,0.33,1,0,0,0,1,24573,1582,6.44,136,6398,2.13,207,26830,0.77,0,2016-35
201636,09/04/2016,09/10/2016,LOW,2015-2016,0,277,276,2,0.72,1,1,0,1,0,24849,1584,6.38,164,4827,3.40,253,28000,0.90,0,2016-36
201637,09/11/2016,09/17/2016,LOW,2015-2016,1,278,358,2,0.56,1,1,0,1,0,25207,1586,6.29,252,6939,3.63,332,25545,1.30,0,2016-37
201638,09/18/2016,09/24/2016,LOW,2015-2016,0,278,352,1,0.28,1,0,0,1,0,25559,1587,6.21,218,6806,3.20,410,25630,1.60,0,2016-38
201639,09/25/2016,10/01/2016,LOW,2015-2016,2,280,443,2,0.45,1,1,0,1,0,26002,1589,6.11,261,6400,4.08,365,24254,1.50,0,2016-39
201640,10/02/2016,10/08/2016,LOW,2016-2017,2,2,486,1,0.21,1,0,0,0,1,486,1,0.21,210,6632,3.17,343,24748,1.39,0,2016-40
201641,10/09/2016,10/15/2016,LOW,2016-2017,0,2,487,0,0.00,0,0,0,0,0,973,1,0.10,198,6540,3.03,386,24084,1.60,0,2016-41
201642,10/16/2016,10/22/2016,LOW,2016-2017,0,2,510,5,0.98,5,0,0,3,2,1483,6,0.40,233,6075,3.84,401,26456,1.52,0,2016-42
201643,10/23/2016,10/29/2016,LOW,2016-2017,0,2,540,0,0.00,0,0,0,0,0,2023,6,0.30,226,5672,3.98,446,25528,1.75,0,2016-43
201644,10/30/2016,11/05/2016,LOW,2016-2017,0,2,467,0,0.00,0,0,0,0,0,2490,6,0.24,282,5904,4.78,451,25318,1.78,0,2016-44
201645,11/06/2016,11/12/2016,LOW,2016-2017,1,3,514,1,0.20,1,0,0,1,0,3004,7,0.23,305,6633,4.60,418,25267,1.65,0,2016-45
201646,11/13/2016,11/19/2016,LOW,2016-2017,1,4,526,0,0.00,0,0,0,0,0,3530,7,0.20,283,6045,4.68,498,25934,1.92,0,2016-46
201647,11/20/2016,11/26/2016,LOW,2016-2017,0,4,526,1,0.19,1,0,0,1,0,4056,8,0.20,229,4404,5.20,452,22806,1.98,0,2016-47
201648,11/27/2016,12/03/2016,LOW,2016-2017,0,4,586,3,0.51,2,1,0,2,0,4642,11,0.24,306,6078,5.03,477,25326,1.88,0,2016-48
201649,12/04/2016,12/10/2016,INCREASING,2016-2017,1,5,586,11,1.88,8,3,0,7,1,5228,22,0.42,328,6296,5.21,453,23187,1.95,0,2016-49
201650,12/11/2016,12/17/2016,INCREASING,2016-2017,0,5,599,13,2.17,9,4,0,7,2,5827,35,0.60,339,5562,6.09,518,22329,2.32,0,2016-50
201651,12/18/2016,12/24/2016,INCREASING,2016-2017,1,6,616,15,2.44,9,6,0,7,2,6443,50,0.78,289,5490,5.26,541,22703,2.38,0,2016-51
201652,12/25/2016,12/31/2016,INCREASING,2016-2017,2,8,701,39,5.56,26,13,3,18,5,7144,89,1.25,274,4577,5.99,710,24912,2.85,0,2016-52
201701,01/01/2017,01/07/2017,INCREASING,2016-2017,6,14,776,47,6.06,36,11,1,31,4,7920,136,1.72,286,4943,5.79,750,25926,2.89,0,2017-01
201702,01/08/2017,01/14/2017,INCREASING,2016-2017,8,22,793,71,8.95,52,19,0,42,10,8713,207,2.38,333,6584,5.06,643,25868,2.49,1,2017-02
201703,01/15/2017,01/21/2017,INCREASING,2016-2017,10,32,786,102,12.98,86,16,0,74,12,9499,309,3.25,332,6884,4.82,672,26055,2.58,0,2017-03
201704,01/22/2017,01/28/2017,INCREASING,2016-2017,20,52,834,96,11.51,72,24,1,59,12,10333,405,3.92,385,7029,5.48,768,25895,2.97,0,2017-04
201705,01/29/2017,02/04/2017,INCREASING,2016-2017,9,61,807,117,14.50,92,25,1,69,22,11140,522,4.69,434,7305,5.94,815,25202,3.23,0,2017-05
201706,02/05/2017,02/11/2017,INCREASING,2016-2017,22,83,1021,168,16.45,115,53,3,85,27,12161,690,5.67,503,7213,6.97,989,26938,3.67,0,2017-06
201707,02/12/2017,02/18/2017,HIGH,2016-2017,32,115,1083,238,21.98,173,65,1,147,25,13244,928,7.01,618,7329,8.43,1172,27360,4.28,0,2017-07
201708,02/19/2017,02/25/2017,HIGH,2016-2017,33,148,1128,279,24.73,180,99,3,145,32,14372,1207,8.40,545,6859,7.95,1212,27136,4.47,1,2017-08
201709,02/26/2017,03/04/2017,HIGH,2016-2017,27,175,766,149,19.45,84,65,0,59,25,15138,1356,8.96,474,6939,6.83,986,25461,3.87,0,2017-09
201710,03/05/2017,03/11/2017,HIGH,2016-2017,23,198,982,196,19.96,106,90,3,77,26,16120,1552,9.63,516,7412,6.96,952,26162,3.64,0,2017-10
201711,03/12/2017,03/18/2017,HIGH,2016-2017,16,214,937,142,15.16,65,77,4,47,14,17057,1694,9.93,433,6575,6.59,962,25850,3.72,0,2017-11
201712,03/19/2017,03/25/2017,HIGH,2016-2017,15,229,905,153,16.91,67,86,0,55,12,17962,1847,10.28,430,6992,6.15,951,26833,3.54,0,2017-12
201713,03/26/2017,04/01/2017,HIGH,2016-2017,22,251,877,169,19.27,83,86,1,62,20,18839,2016,10.70,398,6834,5.82,885,26862,3.29,0,2017-13
201714,04/02/2017,04/08/2017,DECREASING,2016-2017,6,257,884,91,10.29,34,57,0,26,8,19723,2107,10.68,348,6918,5.03,755,25567,2.95,0,2017-14
201715,04/09/2017,04/15/2017,DECREASING,2016-2017,6,263,739,90,12.18,42,48,0,37,5,20462,2197,10.74,242,6576,3.68,507,24665,2.06,0,2017-15
201716,04/16/2017,04/22/2017,DECREASING,2016-2017,4,267,699,41,5.87,7,34,0,4,3,21161,2238,10.58,225,6153,3.66,471,25654,1.84,0,2017-16
201717,04/23/2017,04/29/2017,DECREASING,2016-2017,5,272,608,16,2.63,2,14,0,2,0,21769,2254,10.35,252,7077,3.56,428,25155,1.70,0,2017-17
201718,04/30/2017,05/06/2017,DECREASING,2016-2017,2,274,610,19,3.12,2,17,0,2,0,22379,2273,10.16,255,6720,3.79,350,23247,1.51,0,2017-18
201719,05/07/2017,05/13/2017,DECREASING,2016-2017,2,276,540,20,3.70,9,11,0,9,0,22919,2293,10.00,294,6656,4.42,414,24611,1.68,0,2017-19
201720,05/14/2017,05/20/2017,LOW,2016-2017,0,276,477,7,1.47,3,4,1,2,0,23396,2300,9.83,271,7078,3.83,390,24636,1.58,0,2017-20
201721,05/21/2017,05/27/2017,LOW,2016-2017,0,276,314,5,1.59,1,4,0,1,0,23710,2305,9.72,264,6140,4.30,368,24124,1.53,0,2017-21
201722,05/28/2017,06/03/2017,LOW,2016-2017,0,276,301,0,0.00,0,0,0,0,0,24011,2305,9.60,189,4878,3.87,362,24439,1.48,0,2017-22
201723,06/04/2017,06/10/2017,LOW,2016-2017,0,276,490,1,0.20,0,1,0,0,0,24501,2306,9.41,194,6259,3.10,292,24943,1.17,0,2017-23
201724,06/11/2017,06/17/2017,LOW,2016-2017,0,276,401,4,1.00,1,3,0,1,0,24902,2310,9.28,144,5518,2.61,283,24403,1.16,0,2017-24
201725,06/18/2017,06/24/2017,LOW,2016-2017,0,276,384,2,0.52,0,2,0,0,0,25286,2312,9.14,151,5854,2.58,250,24259,1.03,0,2017-25
201726,06/25/2017,07/01/2017,LOW,2016-2017,0,276,366,3,0.82,2,1,0,2,0,25652,2315,9.02,160,5805,2.76,232,23726,0.98,0,2017-26
201727,07/02/2017,07/08/2017,LOW,2016-2017,0,276,217,0,0.00,0,0,0,0,0,25869,2315,8.95,90,4372,2.06,234,23552,0.99,0,2017-27
201728,07/09/2017,07/15/2017,LOW,2016-2017,1,277,239,5,2.09,2,3,0,2,0,26108,2320,8.89,109,5027,2.17,185,24354,0.76,0,2017-28
201729,07/16/2017,07/22/2017,LOW,2016-2017,0,277,319,1,0.31,0,1,0,0,0,26427,2321,8.78,106,5954,1.78,179,24969,0.72,0,2017-29
201730,07/23/2017,07/29/2017,LOW,2016-2017,0,277,223,1,0.45,1,0,0,1,0,26650,2322,8.71,95,5843,1.63,203,24863,0.82,0,2017-30
201731,07/30/2017,08/05/2017,LOW,2016-2017,0,277,278,0,0.00,0,0,0,0,0,26928,2322,8.62,103,6178,1.67,237,24351,0.97,0,2017-31
201732,08/06/2017,08/12/2017,LOW,2016-2017,0,277,289,0,0.00,0,0,0,0,0,27217,2322,8.53,113,5828,1.94,214,24709,0.87,0,2017-32
201733,08/13/2017,08/19/2017,LOW,2016-2017,0,277,368,6,1.63,4,2,0,4,0,27585,2328,8.44,119,6882,1.73,189,23475,0.81,0,2017-33
201734,08/20/2017,08/26/2017,LOW,2016-2017,0,277,349,3,0.86,3,0,1,2,0,27934,2331,8.34,127,6277,2.02,197,22450,0.88,0,2017-34
201735,08/27/2017,09/02/2017,LOW,2016-2017,0,277,384,3,0.78,3,0,0,3,0,28318,2334,8.24,136,6079,2.24,208,23342,0.89,0,2017-35
201736,09/03/2017,09/09/2017,LOW,2016-2017,1,278,416,2,0.48,2,0,0,2,0,28734,2336,8.13,129,5108,2.53,293,23767,1.23,0,2017-36
201737,09/10/2017,09/16/2017,LOW,2016-2017,0,278,486,3,0.62,3,0,0,3,0,29220,2339,8.00,247,6675,3.70,377,24956,1.51,0,2017-37
201738,09/17/2017,09/23/2017,LOW,2016-2017,1,279,476,5,1.05,5,0,0,4,1,29696,2344,7.89,256,6577,3.89,344,25632,1.34,0,2017-38
201739,09/24/2017,09/30/2017,LOW,2016-2017,1,280,520,4,0.77,3,1,0,3,0,30216,2348,7.77,233,6812,3.42,340,25195,1.35,0,2017-39
201740,10/01/2017,10/07/2017,LOW,2017-2018,0,0,541,2,0.37,1,1,0,1,0,541,2,0.37,191,6501,2.94,382,25370,1.51,0,2017-40
201741,10/08/2017,10/14/2017,LOW,2017-2018,0,0,516,2,0.39,2,0,0,1,1,1057,4,0.38,193,6199,3.11,363,24498,1.48,0,2017-41
201742,10/15/2017,10/21/2017,LOW,2017-2018,0,0,590,3,0.51,3,0,0,3,0,1647,7,0.42,82,6450,1.27,414,25061,1.65,0,2017-42
201743,10/22/2017,10/28/2017,LOW,2017-2018,0,0,589,2,0.34,2,0,0,0,2,2236,9,0.40,98,5875,1.67,389,23318,1.67,0,2017-43
201744,10/29/2017,11/04/2017,LOW,2017-2018,0,0,565,7,1.24,6,1,0,4,2,2801,16,0.57,93,6158,1.51,404,23272,1.74,0,2017-44
201745,11/05/2017,11/11/2017,LOW,2017-2018,0,0,665,9,1.35,8,1,0,6,2,3466,25,0.72,174,6432,2.71,485,24056,2.02,0,2017-45
201746,11/12/2017,11/18/2017,LOW,2017-2018,1,1,719,7,0.97,7,0,0,1,6,4185,32,0.76,174,6239,2.79,478,23335,2.05,0,2017-46
201747,11/19/2017,11/25/2017,LOW,2017-2018,6,7,600,14,2.33,14,0,0,8,6,4785,46,0.96,102,4318,2.36,495,22383,2.21,0,2017-47
201748,11/26/2017,12/02/2017,LOW,2017-2018,4,11,644,26,4.04,21,5,0,8,13,5429,72,1.33,165,6296,2.62,560,25273,2.22,0,2017-48
201749,12/03/2017,12/09/2017,INCREASING,2017-2018,5,16,783,26,3.32,23,3,2,11,10,6212,98,1.58,149,6239,2.39,595,24325,2.45,0,2017-49
201750,12/10/2017,12/16/2017,INCREASING,2017-2018,13,29,884,83,9.39,77,6,3,23,51,7096,181,2.55,192,6112,3.14,746,24326,3.07,0,2017-50
201751,12/17/2017,12/23/2017,INCREASING,2017-2018,27,56,1039,178,17.13,171,7,15,67,89,8135,359,4.41,238,5985,3.98,1120,26050,4.30,1,2017-51
201752,12/24/2017,12/30/2017,HIGH,2017-2018,47,103,1441,443,30.74,428,15,19,133,276,9576,802,8.38,208,3784,5.50,1562,24253,6.44,0,2017-52
201801,12/31/2017,01/06/2018,HIGH,2017-2018,81,184,1755,536,30.54,509,27,27,147,335,11331,1338,11.81,102,4280,2.38,1496,25450,5.88,1,2018-01
201802,01/07/2018,01/13/2018,HIGH,2017-2018,61,245,1959,482,24.60,453,29,15,109,329,13290,1820,13.70,215,6038,3.56,1784,28358,6.29,0,2018-02
201803,01/14/2018,01/20/2018,HIGH,2017-2018,52,297,1904,581,30.52,531,50,19,117,395,15194,2401,15.80,197,5897,3.34,1741,26603,6.54,0,2018-03
201804,01/21/2018,01/27/2018,HIGH,2017-2018,55,352,1853,593,32.00,513,80,16,169,328,17047,2994,17.56,202,6228,3.24,1974,27734,7.12,0,2018-04
201805,01/28/2018,02/03/2018,HIGH,2017-2018,36,388,1935,533,27.54,461,72,12,143,306,18982,3527,18.58,357,6523,5.47,2184,26987,8.09,0,2018-05
201806,02/04/2018,02/10/2018,HIGH,2017-2018,30,418,1682,471,28.00,383,88,15,96,272,20664,3998,19.35,281,5035,5.58,1756,24649,7.12,0,2018-06
201807,02/11/2018,02/17/2018,DECREASING,2017-2018,28,446,1719,374,21.76,256,118,14,82,160,22383,4372,19.53,203,5718,3.55,1403,25363,5.53,0,2018-07
201808,02/18/2018,02/24/2018,DECREASING,2017-2018,23,469,1405,261,18.58,136,125,2,41,93,23788,4633,19.48,174,5613,3.10,1108,24799,4.47,0,2018-08
201809,02/25/2018,03/03/2018,DECREASING,2017-2018,24,493,1365,200,14.65,91,109,4,17,70,25153,4833,19.21,130,5899,2.20,916,24564,3.73,0,2018-09
201810,03/04/2018,03/10/2018,DECREASING,2017-2018,16,509,1180,210,17.80,68,142,2,31,35,26333,5043,19.15,125,5920,2.11,832,24637,3.38,0,2018-10
201811,03/11/2018,03/17/2018,DECREASING,2017-2018,14,523,1117,163,14.59,47,116,0,14,33,27450,5206,18.96,147,5829,2.52,780,24932,3.13,1,2018-11
201812,03/18/2018,03/24/2018,DECREASING,2017-2018,12,535,1128,186,16.49,39,147,1,15,23,28578,5392,18.87,132,5792,2.28,753,24944,3.02,0,2018-12
201813,03/25/2018,03/31/2018,DECREASING,2017-2018,13,548,1067,154,14.43,28,126,0,9,19,29645,5546,18.71,102,5230,1.95,673,23867,2.82,0,2018-13
201814,04/01/2018,04/07/2018,DECREASING,2017-2018,10,558,980,122,12.45,9,113,2,3,4,30625,5668,18.51,107,5512,1.94,665,24622,2.70,0,2018-14
201815,04/08/2018,04/14/2018,DECREASING,2017-2018,4,562,953,83,8.71,13,70,3,0,10,31578,5751,18.21,96,5726,1.68,528,24611,2.15,0,2018-15
201816,04/15/2018,04/21/2018,DECREASING,2017-2018,8,570,859,59,6.87,4,55,1,0,3,32437,5810,17.91,81,5452,1.49,531,23774,2.23,0,2018-16
201817,04/22/2018,04/28/2018,DECREASING,2017-2018,4,574,735,36,4.90,7,29,1,3,3,33172,5846,17.62,119,5903,2.02,441,24178,1.82,0,2018-17
201818,04/29/2018,05/05/2018,DECREASING,2017-2018,3,577,689,29,4.21,4,25,0,3,1,33861,5875,17.35,102,5909,1.73,431,24770,1.74,0,2018-18
201819,05/06/2018,05/12/2018,DECREASING,2017-2018,3,580,661,16,2.42,2,14,1,1,0,34522,5891,17.06,92,5648,1.63,388,24976,1.55,0,2018-19
201820,05/13/2018,05/19/2018,LOW,2017-2018,1,581,586,9,1.54,2,7,1,1,0,35108,5900,16.80,95,6122,1.55,390,24409,1.60,0,2018-20
201821,05/20/2018,05/26/2018,LOW,2017-2018,1,582,574,6,1.04,1,5,1,0,0,35682,5906,16.55,104,5745,1.81,393,24733,1.59,0,2018-21
201822,05/27/2018,06/02/2018,LOW,2017-2018,0,582,493,2,0.41,1,1,1,0,0,36175,5908,16.33,70,4620,1.52,332,25618,1.30,0,2018-22
201823,06/03/2018,06/09/2018,LOW,2017-2018,1,583,470,1,0.21,0,1,0,0,0,36645,5909,16.12,81,5953,1.36,335,24713,1.36,0,2018-23
201824,06/10/2018,06/16/2018,LOW,2017-2018,0,583,440,1,0.23,1,0,0,0,1,37085,5910,15.94,44,5513,0.80,310,23655,1.31,0,2018-24
201825,06/17/2018,06/23/2018,LOW,2017-2018,0,583,458,0,0.00,0,0,0,0,0,37543,5910,15.74,51,5848,0.87,276,24832,1.11,0,2018-25
201826,06/24/2018,06/30/2018,LOW,2017-2018,0,583,409,1,0.24,1,0,1,0,0,37952,5911,15.58,41,5632,0.73,250,24227,1.03,0,2018-26
201827,07/01/2018,07/07/2018,LOW,2017-2018,0,583,234,2,0.86,2,0,1,0,1,38186,5913,15.48,23,4147,0.55,238,24566,0.97,0,2018-27
201828,07/08/2018,07/14/2018,LOW,2017-2018,0,583,227,2,0.88,2,0,1,0,1,38413,5915,15.40,42,5957,0.71,230,25517,0.90,0,2018-28
201829,07/15/2018,07/21/2018,LOW,2017-2018,0,583,216,0,0.00,0,0,0,0,0,38629,5915,15.31,28,5765,0.49,228,24981,0.91,0,2018-29
201830,07/22/2018,07/28/2018,LOW,2017-2018,0,583,230,1,0.44,1,0,0,0,1,38859,5916,15.22,30,6067,0.49,222,23732,0.94,0,2018-30
201831,07/29/2018,08/04/2018,LOW,2017-2018,0,583,201,1,0.50,1,0,0,0,1,39060,5917,15.15,34,5746,0.59,198,23704,0.84,0,2018-31
201832,08/05/2018,08/11/2018,LOW,2017-2018,0,583,239,0,0.00,0,0,0,0,0,39299,5917,15.06,33,5897,0.56,222,23932,0.93,0,2018-32
201833,08/12/2018,08/18/2018,LOW,2017-2018,0,583,226,0,0.00,0,0,0,0,0,39525,5917,14.97,31,6055,0.51,224,24765,0.90,0,2018-33
201834,08/19/2018,08/25/2018,LOW,2017-2018,0,583,255,1,0.39,1,0,1,0,0,39780,5918,14.88,37,6096,0.61,228,24186,0.94,0,2018-34
201835,08/26/2018,09/01/2018,LOW,2017-2018,0,583,198,0,0.00,0,0,0,0,0,39978,5918,14.80,52,6108,0.85,260,24274,1.07,0,2018-35
201836,09/02/2018,09/08/2018,LOW,2017-2018,0,583,324,1,0.31,0,1,0,0,0,40302,5919,14.69,40,5017,0.80,266,24915,1.07,0,2018-36
201837,09/09/2018,09/15/2018,LOW,2017-2018,0,583,541,0,0.00,0,0,0,0,0,40843,5919,14.49,113,6354,1.78,359,24990,1.44,0,2018-37
201838,09/16/2018,09/22/2018,LOW,2017-2018,0,583,458,1,0.22,1,0,1,0,0,41301,5920,14.33,110,6128,1.80,376,26673,1.41,0,2018-38
201839,09/23/2018,09/29/2018,LOW,2017-2018,0,583,520,4,0.77,4,0,2,0,2,41821,5924,14.16,88,6193,1.42,337,24799,1.36,0,2018-39
201840,09/30/2018,10/06/2018,LOW,2018-2019,2,2,487,1,0.20,1,0,0,0,1,487,1,0.20,72,5875,1.23,332,24230,1.37,0,2018-40
201841,10/07/2018,10/13/2018,LOW,2018-2019,0,2,628,0,0.00,0,0,0,0,0,1115,1,0.09,64,5301,1.21,346,24676,1.40,0,2018-41
201842,10/14/2018,10/20/2018,LOW,2018-2019,0,2,726,1,0.14,1,0,0,0,1,1841,2,0.11,105,6312,1.66,408,23239,1.76,0,2018-42
201843,10/21/2018,10/27/2018,LOW,2018-2019,1,3,708,0,0.00,0,0,0,0,0,2549,2,0.08,85,5653,1.50,484,24162,2.00,0,2018-43
201844,10/28/2018,11/03/2018,LOW,2018-2019,2,5,723,4,0.55,4,0,4,0,0,3272,6,0.18,112,5653,1.98,428,23415,1.83,0,2018-44
201845,11/04/2018,11/10/2018,LOW,2018-2019,1,6,779,1,0.13,1,0,0,0,1,4051,7,0.17,107,5841,1.83,525,23584,2.23,0,2018-45
201846,11/11/2018,11/17/2018,LOW,2018-2019,0,6,797,2,0.25,2,0,1,0,1,4848,9,0.19,104,5821,1.79,530,23182,2.29,0,2018-46
201847,11/18/2018,11/24/2018,LOW,2018-2019,0,6,715,2,0.28,2,0,0,2,0,5563,11,0.20,92,4066,2.26,475,22063,2.15,0,2018-47
201848,11/25/2018,12/01/2018,LOW,2018-2019,0,6,562,2,0.36,2,0,2,0,0,6125,13,0.21,120,5366,2.24,518,24289,2.13,0,2018-48
201849,12/02/2018,12/08/2018,LOW,2018-2019,2,8,847,12,1.42,12,0,5,1,6,6972,25,0.36,158,5904,2.68,521,24165,2.16,0,2018-49
201850,12/09/2018,12/15/2018,INCREASING,2018-2019,4,12,837,23,2.75,22,1,8,0,14,7809,48,0.62,167,5592,2.99,627,24346,2.58,0,2018-50
201851,12/16/2018,12/22/2018,INCREASING,2018-2019,5,17,1017,36,3.54,36,0,12,0,24,8826,84,0.95,140,5517,2.54,644,25277,2.55,0,2018-51
201852,12/23/2018,12/29/2018,INCREASING,2018-2019,7,24,1038,91,8.77,89,2,29,3,57,9864,175,1.77,113,3496,3.23,807,24169,3.34,0,2018-52
201901,12/30/2018,01/05/2019,INCREASING,2018-2019,15,39,1261,114,9.04,110,4,33,2,75,11125,289,2.60,92,3831,2.40,800,25199,3.17,0,2019-01
201902,01/06/2019,01/12/2019,INCREASING,2018-2019,23,62,1358,136,10.02,136,0,45,1,90,12483,425,3.40,127,5720,2.22,779,25396,3.07,0,2019-02
201903,01/13/2019,01/19/2019,INCREASING,2018-2019,21,83,1308,146,11.16,146,0,40,3,103,13791,571,4.14,116,5617,2.07,752,24204,3.11,0,2019-03
201904,01/20/2019,01/26/2019,HIGH,2018-2019,26,109,1315,204,15.51,197,7,62,0,135,15106,775,5.13,122,5148,2.37,783,23925,3.27,0,2019-04
201905,01/27/2019,02/02/2019,HIGH,2018-2019,24,133,1237,205,16.57,204,1,43,3,158,16343,980,6.00,68,2921,2.33,649,20827,3.12,0,2019-05
201906,02/03/2019,02/09/2019,HIGH,2018-2019,19,152,1174,164,13.97,162,2,32,5,125,17517,1144,6.53,68,5776,1.18,561,24716,2.27,0,2019-06
201907,02/10/2019,02/16/2019,HIGH,2018-2019,17,169,1181,187,15.83,183,4,40,5,138,18698,1331,7.12,101,5296,1.91,629,23980,2.62,1,2019-07
201908,02/17/2019,02/23/2019,HIGH,2018-2019,13,182,1239,188,15.17,183,5,44,9,130,19937,1519,7.62,117,5619,2.08,651,24985,2.61,1,2019-08
201909,02/24/2019,03/02/2019,HIGH,2018-2019,13,195,1273,193,15.16,183,10,35,12,136,21210,1712,8.07,102,5613,1.82,698,24183,2.89,0,2019-09
201910,03/03/2019,03/09/2019,HIGH,2018-2019,30,225,1468,269,18.32,260,9,61,21,178,22678,1981,8.74,120,5945,2.02,760,24965,3.04,0,2019-10
201911,03/10/2019,03/16/2019,HIGH,2018-2019,28,253,1540,303,19.68,289,14,69,27,193,24218,2284,9.43,165,6057,2.72,808,26307,3.07,0,2019-11
201912,03/17/2019,03/23/2019,HIGH,2018-2019,25,278,1444,263,18.21,241,22,39,30,172,25662,2547,9.92,130,5817,2.23,802,26391,3.04,0,2019-12
201913,03/24/2019,03/30/2019,HIGH,2018-2019,24,302,1534,321,20.93,293,28,34,40,219,27196,2868,10.55,136,5567,2.44,810,26144,3.10,0,2019-13
201914,03/31/2019,04/06/2019,DECREASING,2018-2019,13,315,1434,276,19.25,254,22,31,45,178,28630,3144,10.98,150,5640,2.66,768,25854,2.97,0,2019-14
201915,04/07/2019,04/13/2019,DECREASING,2018-2019,15,330,1327,200,15.07,183,17,24,26,133,29957,3344,11.16,110,5653,1.95,655,25983,2.52,0,2019-15
201916,04/14/2019,04/20/2019,DECREASING,2018-2019,9,339,1207,128,10.60,109,19,19,20,70,31164,3472,11.14,117,5360,2.18,482,24081,2.00,0,2019-16
201917,04/21/2019,04/27/2019,DECREASING,2018-2019,3,342,926,76,8.21,70,6,6,17,47,32090,3548,11.06,78,5890,1.32,445,25347,1.76,0,2019-17
201918,04/28/2019,05/04/2019,DECREASING,2018-2019,7,349,996,50,5.02,34,16,3,10,21,33086,3598,10.88,79,5684,1.39,431,24506,1.76,0,2019-18
201919,05/05/2019,05/11/2019,LOW,2018-2019,1,350,998,47,4.71,30,17,3,9,18,34084,3645,10.69,108,5677,1.90,415,25312,1.64,0,2019-19
201920,05/12/2019,05/18/2019,LOW,2018-2019,2,352,908,36,3.96,28,8,4,4,20,34992,3681,10.52,119,5516,2.16,413,24925,1.66,0,2019-20
201921,05/19/2019,05/25/2019,LOW,2018-2019,3,355,795,15,1.89,10,5,1,2,7,35787,3696,10.33,89,5459,1.63,399,25250,1.58,0,2019-21
201922,05/26/2019,06/01/2019,LOW,2018-2019,0,355,723,8,1.11,4,4,1,0,3,36510,3704,10.14,85,4492,1.89,365,25164,1.45,0,2019-22
201923,06/02/2019,06/08/2019,LOW,2018-2019,1,356,639,4,0.63,3,1,1,0,2,37149,3708,9.98,87,5457,1.59,326,25247,1.29,0,2019-23
201924,06/09/2019,06/15/2019,LOW,2018-2019,2,358,676,9,1.33,7,2,2,1,4,37825,3717,9.83,72,5317,1.35,312,24617,1.27,0,2019-24
201925,06/16/2019,06/22/2019,LOW,2018-2019,0,358,658,2,0.30,0,2,0,0,0,38483,3719,9.66,72,5493,1.31,304,24522,1.24,0,2019-25
201926,06/23/2019,06/29/2019,LOW,2018-2019,0,358,552,3,0.54,3,0,0,1,2,39035,3722,9.54,71,5351,1.33,275,24443,1.13,0,2019-26
201927,06/30/2019,07/06/2019,LOW,2018-2019,0,358,458,2,0.44,2,0,1,1,0,39493,3724,9.43,43,4144,1.04,254,24057,1.06,0,2019-27
201928,07/07/2019,07/13/2019,LOW,2018-2019,0,358,455,3,0.66,3,0,0,2,1,39948,3727,9.33,41,5642,0.73,243,24955,0.97,0,2019-28
201929,07/14/2019,07/20/2019,LOW,2018-2019,0,358,436,0,0.00,0,0,0,0,0,40384,3727,9.23,56,5416,1.03,207,24314,0.85,0,2019-29
201930,07/21/2019,07/27/2019,LOW,2018-2019,0,358,437,4,0.92,3,1,0,2,1,40821,3731,9.14,32,5585,0.57,204,24018,0.85,0,2019-30
201931,07/28/2019,08/03/2019,LOW,2018-2019,1,359,429,2,0.47,1,1,0,1,0,41250,3733,9.05,44,5720,0.77,174,24075,0.72,0,2019-31
201932,08/04/2019,08/10/2019,LOW,2018-2019,0,359,441,3,0.68,2,1,1,1,0,41691,3736,8.96,49,5637,0.87,196,24356,0.80,0,2019-32
201933,08/11/2019,08/17/2019,LOW,2018-2019,0,359,283,1,0.35,1,0,0,1,0,41974,3737,8.90,33,5777,0.57,209,23895,0.87,0,2019-33
201934,08/18/2019,08/24/2019,LOW,2018-2019,0,359,309,1,0.32,1,0,1,0,0,42283,3738,8.84,19,5971,0.32,189,23636,0.80,0,2019-34
201935,08/25/2019,08/31/2019,LOW,2018-2019,1,360,398,2,0.50,2,0,0,1,1,42681,3740,8.76,49,5992,0.82,229,23891,0.96,0,2019-35
201936,09/01/2019,09/07/2019,LOW,2018-2019,1,361,486,1,0.21,1,0,0,1,0,43167,3741,8.67,55,4694,1.17,273,23796,1.15,0,2019-36
201937,09/08/2019,09/14/2019,LOW,2018-2019,0,361,526,4,0.76,3,1,0,1,2,43693,3745,8.57,134,6097,2.20,362,25522,1.42,0,2019-37
201938,09/15/2019,09/21/2019,LOW,2018-2019,0,361,659,0,0.00,0,0,0,0,0,44352,3745,8.44,142,5730,2.48,428,26448,1.62,0,2019-38
201939,09/22/2019,09/28/2019,LOW,2018-2019,0,361,634,2,0.32,1,1,0,0,1,44986,3747,8.33,96,5566,1.72,420,25147,1.67,0,2019-39
201940,09/29/2019,10/05/2019,LOW,2019-2020,1,1,641,5,0.78,4,1,0,4,0,641,5,0.78,95,5737,1.66,410,24778,1.65,0,2019-40
201941,10/06/2019,10/12/2019,LOW,2019-2020,0,1,803,1,0.12,0,1,0,0,0,1444,6,0.42,86,5474,1.57,506,25119,2.01,0,2019-41
201942,10/13/2019,10/19/2019,LOW,2019-2020,0,1,787,4,0.51,2,2,0,2,0,2231,10,0.45,115,6100,1.89,459,24151,1.90,0,2019-42
201943,10/20/2019,10/26/2019,LOW,2019-2020,0,1,869,2,0.23,1,1,0,0,1,3100,12,0.39,97,5653,1.72,516,23552,2.19,0,2019-43
201944,10/27/2019,11/02/2019,LOW,2019-2020,1,2,815,5,0.61,2,3,0,0,2,3915,17,0.43,93,5407,1.72,439,22045,1.99,0,2019-44
201945,11/03/2019,11/09/2019,LOW,2019-2020,2,4,917,5,0.54,3,2,1,0,2,4832,22,0.46,114,5755,1.98,412,23103,1.78,0,2019-45
201946,11/10/2019,11/16/2019,LOW,2019-2020,1,5,939,13,1.38,7,6,1,2,4,5771,35,0.61,100,5249,1.91,433,22171,1.95,0,2019-46
201947,11/17/2019,11/23/2019,LOW,2019-2020,1,6,985,25,2.54,16,9,2,1,13,6756,60,0.89,110,5916,1.86,455,23807,1.91,0,2019-47
201948,11/24/2019,11/30/2019,INCREASING,2019-2020,1,7,1054,42,3.98,23,19,2,7,14,7810,102,1.31,91,4034,2.26,548,22290,2.46,0,2019-48
201949,12/01/2019,12/07/2019,INCREASING,2019-2020,1,8,1082,43,3.97,17,26,3,0,14,8892,145,1.63,168,5877,2.86,698,24364,2.86,0,2019-49
201950,12/08/2019,12/14/2019,INCREASING,2019-2020,6,14,1256,80,6.37,35,45,8,1,26,10148,225,2.22,193,5578,3.46,882,24835,3.55,0,2019-50
201951,12/15/2019,12/21/2019,INCREASING,2019-2020,7,21,1560,218,13.97,68,150,12,5,51,11708,443,3.78,203,5646,3.60,1121,24900,4.50,0,2019-51
201952,12/22/2019,12/28/2019,HIGH,2019-2020,19,40,1335,303,22.70,99,204,20,6,73,13043,746,5.72,203,3486,5.82,1634,25722,6.35,1,2019-52
202001,12/29/2019,01/04/2020,HIGH,2019-2020,27,67,1618,344,21.26,121,223,30,1,90,14661,1090,7.44,145,3691,3.93,1596,26418,6.04,1,2020-01
202002,01/05/2020,01/11/2020,HIGH,2019-2020,23,90,1494,331,22.16,137,194,26,0,111,16155,1421,8.80,178,5914,3.01,1439,25945,5.55,0,2020-02
202003,01/12/2020,01/18/2020,HIGH,2019-2020,30,120,2015,471,23.38,197,274,57,1,139,18170,1892,10.41,202,6203,3.26,1400,24996,5.60,0,2020-03
202004,01/19/2020,01/25/2020,HIGH,2019-2020,34,154,2212,541,24.46,294,247,80,2,212,20382,2433,11.94,212,6036,3.51,1591,25624,6.21,2,2020-04
202005,01/26/2020,02/01/2020,HIGH,2019-2020,39,193,2164,754,34.84,446,308,126,9,311,22546,3187,14.14,268,6277,4.27,1875,26386,7.11,0,2020-05
202006,02/02/2020,02/08/2020,HIGH,2019-2020,53,246,2307,838,36.32,539,299,144,7,388,24853,4025,16.20,234,6253,3.74,1764,25898,6.81,0,2020-06
202007,02/09/2020,02/15/2020,HIGH,2019-2020,56,302,2079,658,31.65,503,155,149,3,351,26932,4683,17.39,283,5860,4.83,1523,24765,6.15,0,2020-07
202008,02/16/2020,02/22/2020,HIGH,2019-2020,53,355,2062,614,29.78,488,126,216,7,265,28994,5297,18.27,196,5874,3.34,1600,25512,6.27,0,2020-08
202009,02/23/2020,02/29/2020,HIGH,2019-2020,42,397,1965,593,30.18,477,116,138,1,338,30959,5890,19.02,163,5799,2.81,1287,24533,5.25,0,2020-09
202010,03/01/2020,03/07/2020,HIGH,2019-2020,38,435,2103,514,24.44,424,90,142,0,282,33062,6404,19.37,226,6051,3.73,1407,25290,5.56,0,2020-10
202011,03/08/2020,03/14/2020,DECREASING,2019-2020,30,465,2621,407,15.53,309,98,120,7,182,35683,6811,19.09,253,5972,4.24,1627,25688,6.33,0,2020-11
202012,03/15/2020,03/21/2020,DECREASING,2019-2020,9,474,2141,103,4.81,66,37,34,2,30,37824,6914,18.28,206,4273,4.82,1603,21346,7.51,0,2020-12
202013,03/22/2020,03/28/2020,DECREASING,2019-2020,1,475,1723,11,0.64,7,4,7,0,0,39547,6925,17.51,106,2651,4.00,1144,17727,6.45,0,2020-13
202014,03/29/2020,04/04/2020,DECREASING,2019-2020,1,476,1505,10,0.66,9,1,6,0,3,41052,6935,16.89,61,3104,1.97,1057,15987,6.61,0,2020-14
202015,04/05/2020,04/11/2020,LOW,2019-2020,1,477,1002,2,0.20,1,1,1,0,0,42054,6937,16.50,41,3453,1.19,741,15130,4.90,0,2020-15
202016,04/12/2020,04/18/2020,LOW,2019-2020,0,477,835,1,0.12,1,0,1,0,0,42889,6938,16.18,40,3764,1.06,661,13983,4.73,0,2020-16
202017,04/19/2020,04/25/2020,LOW,2019-2020,1,478,767,2,0.26,2,0,2,0,0,43656,6940,15.90,31,4253,0.73,609,14799,4.12,0,2020-17
202018,04/26/2020,05/02/2020,LOW,2019-2020,1,479,733,1,0.14,1,0,1,0,0,44389,6941,15.64,20,4482,0.45,528,15396,3.43,0,2020-18
202019,05/03/2020,05/09/2020,LOW,2019-2020,0,479,597,0,0.00,0,0,0,0,0,44986,6941,15.43,8,4782,0.17,451,15543,2.90,0,2020-19
202020,05/10/2020,05/16/2020,LOW,2019-2020,0,479,401,2,0.50,1,1,0,0,1,45387,6943,15.30,15,4616,0.32,405,15664,2.59,0,2020-20
202021,05/17/2020,05/23/2020,LOW,2019-2020,0,479,365,0,0.00,0,0,0,0,0,45752,6943,15.18,6,4807,0.12,377,16123,2.34,0,2020-21
202022,05/24/2020,05/30/2020,LOW,2019-2020,0,479,268,0,0.00,0,0,0,0,0,46020,6943,15.09,11,3973,0.28,275,17074,1.61,0,2020-22
202023,05/31/2020,06/06/2020,LOW,2019-2020,0,479,231,0,0.00,0,0,0,0,0,46251,6943,15.01,6,3698,0.16,215,17166,1.25,0,2020-23
202024,06/07/2020,06/13/2020,LOW,2019-2020,0,479,227,1,0.44,1,0,1,0,0,46478,6944,14.94,3,4900,0.06,184,17343,1.06,0,2020-24
202025,06/14/2020,06/20/2020,LOW,2019-2020,0,479,247,0,0.00,0,0,0,0,0,46725,6944,14.86,2,5134,0.04,223,17570,1.27,0,2020-25
202026,06/21/2020,06/27/2020,LOW,2019-2020,0,479,139,0,0.00,0,0,0,0,0,46864,6944,14.82,7,5244,0.13,191,17912,1.07,0,2020-26
202027,06/28/2020,07/04/2020,LOW,2019-2020,0,479,247,0,0.00,0,0,0,0,0,47111,6944,14.74,8,4653,0.17,164,17813,0.92,0,2020-27
202028,07/05/2020,07/11/2020,LOW,2019-2020,0,479,223,0,0.00,0,0,0,0,0,47334,6944,14.67,15,5231,0.29,178,19277,0.92,0,2020-28
202029,07/12/2020,07/18/2020,LOW,2019-2020,0,479,213,0,0.00,0,0,0,0,0,47547,6944,14.60,24,5772,0.42,170,18894,0.90,0,2020-29
202030,07/19/2020,07/25/2020,LOW,2019-2020,0,479,248,0,0.00,0,0,0,0,0,47795,6944,14.53,17,5442,0.31,215,18532,1.16,0,2020-30
202031,07/26/2020,08/01/2020,LOW,2019-2020,0,479,241,0,0.00,0,0,0,0,0,48036,6944,14.46,23,5380,0.43,185,18757,0.99,0,2020-31
202032,08/02/2020,08/08/2020,LOW,2019-2020,0,479,239,0,0.00,0,0,0,0,0,48275,6944,14.38,27,5455,0.49,192,18760,1.02,0,2020-32
202033,08/09/2020,08/15/2020,LOW,2019-2020,0,479,229,0,0.00,0,0,0,0,0,48504,6944,14.32,10,5241,0.19,208,19273,1.08,0,2020-33
202034,08/16/2020,08/22/2020,LOW,2019-2020,0,479,210,0,0.00,0,0,0,0,0,48714,6944,14.26,24,5638,0.43,161,19492,0.83,0,2020-34
202035,08/23/2020,08/29/2020,LOW,2019-2020,0,479,225,0,0.00,0,0,0,0,0,48939,6944,14.19,18,5827,0.31,206,19726,1.04,0,2020-35
202036,08/30/2020,09/05/2020,LOW,2019-2020,0,479,229,1,0.44,1,0,0,0,1,49168,6945,14.12,11,5665,0.19,196,18975,1.03,0,2020-36
202037,09/06/2020,09/12/2020,LOW,2019-2020,1,480,228,0,0.00,0,0,0,0,0,49396,6945,14.06,14,4622,0.30,165,18132,0.91,0,2020-37
202038,09/13/2020,09/19/2020,LOW,2019-2020,0,480,240,0,0.00,0,0,0,0,0,49636,6945,13.99,19,5716,0.33,176,18407,0.96,0,2020-38
202039,09/20/2020,09/26/2020,LOW,2019-2020,0,480,279,0,0.00,0,0,0,0,0,49915,6945,13.91,31,5825,0.53,212,18216,1.16,0,2020-39
202040,09/27/2020,10/03/2020,LOW,2020-2021,0,0,328,0,0.00,0,0,0,0,0,328,0,0.00,30,5956,0.50,201,17729,1.13,0,2020-40
202041,10/04/2020,10/10/2020,LOW,2020-2021,1,1,380,0,0.00,0,0,0,0,0,708,0,0.00,41,6242,0.66,256,18432,1.39,0,2020-41
202042,10/11/2020,10/17/2020,LOW,2020-2021,0,1,368,0,0.00,0,0,0,0,0,1076,0,0.00,23,6506,0.35,135,18414,0.73,0,2020-42
202043,10/18/2020,10/24/2020,LOW,2020-2021,0,1,452,0,0.00,0,0,0,0,0,1528,0,0.00,29,6371,0.46,147,17745,0.83,0,2020-43
202044,10/25/2020,10/31/2020,LOW,2020-2021,0,1,672,0,0.00,0,0,0,0,0,2200,0,0.00,35,6303,0.56,224,17382,1.29,0,2020-44
202045,11/01/2020,11/07/2020,LOW,2020-2021,0,1,795,0,0.00,0,0,0,0,0,2995,0,0.00,42,6610,0.64,265,18843,1.41,0,2020-45
202046,11/08/2020,11/14/2020,LOW,2020-2021,0,1,880,0,0.00,0,0,0,0,0,3875,0,0.00,49,6664,0.74,277,19289,1.44,0,2020-46
202047,11/15/2020,11/21/2020,LOW,2020-2021,0,1,968,0,0.00,0,0,0,0,0,4843,0,0.00,51,7064,0.72,232,17390,1.33,0,2020-47
202048,11/22/2020,11/28/2020,LOW,2020-2021,0,1,969,0,0.00,0,0,0,0,0,5812,0,0.00,23,4822,0.48,197,16299,1.21,0,2020-48
202049,11/29/2020,12/05/2020,LOW,2020-2021,0,1,1483,0,0.00,0,0,0,0,0,7295,0,0.00,32,6780,0.47,195,17189,1.13,0,2020-49
202050,12/06/2020,12/12/2020,LOW,2020-2021,0,1,1445,2,0.14,1,1,0,0,1,8740,2,0.02,22,6531,0.34,167,16665,1.00,0,2020-50
202051,12/13/2020,12/19/2020,LOW,2020-2021,0,1,1256,0,0.00,0,0,0,0,0,9996,2,0.02,14,6598,0.21,152,16118,0.94,0,2020-51
202052,12/20/2020,12/26/2020,LOW,2020-2021,0,1,1903,0,0.00,0,0,0,0,0,11899,2,0.02,24,6162,0.39,184,22951,0.80,0,2020-52
202101,01/03/2021,01/09/2021,LOW,2020-2021,0,1,2160,1,0.05,1,0,0,0,1,14059,3,0.02,19,7966,0.24,192,24744,0.78,0,2021-01
202102,01/10/2021,01/16/2021,LOW,2020-2021,0,1,1401,0,0.00,0,0,0,0,0,15460,3,0.02,15,6269,0.24,126,16181,0.78,0,2021-02
202103,01/17/2021,01/23/2021,LOW,2020-2021,0,1,1316,0,0.00,0,0,0,0,0,16776,3,0.02,18,5942,0.30,110,16240,0.68,0,2021-03
202104,01/24/2021,01/30/2021,LOW,2020-2021,0,1,887,0,0.00,0,0,0,0,0,17663,3,0.02,22,5747,0.38,88,15818,0.56,0,2021-04
202105,01/31/2021,02/06/2021,LOW,2020-2021,0,1,826,1,0.12,1,0,0,0,1,18489,4,0.02,22,6093,0.36,107,15457,0.69,0,2021-05
202106,02/07/2021,02/13/2021,LOW,2020-2021,0,1,782,0,0.00,0,0,0,0,0,19271,4,0.02,23,5762,0.40,60,15425,0.39,0,2021-06
202107,02/14/2021,02/20/2021,LOW,2020-2021,0,1,798,0,0.00,0,0,0,0,0,20069,4,0.02,21,5449,0.39,63,14872,0.42,0,2021-07
202108,02/21/2021,02/27/2021,LOW,2020-2021,0,1,866,0,0.00,0,0,0,0,0,20935,4,0.02,23,6745,0.34,78,17043,0.46,0,2021-08
202109,02/28/2021,03/06/2021,LOW,2020-2021,0,1,806,0,0.00,0,0,0,0,0,21741,4,0.02,29,6782,0.43,75,16801,0.45,0,2021-09
202110,03/07/2021,03/13/2021,LOW,2020-2021,0,1,840,0,0.00,0,0,0,0,0,22581,4,0.02,33,6735,0.49,100,17479,0.57,0,2021-10
202111,03/14/2021,03/20/2021,LOW,2020-2021,0,1,880,0,0.00,0,0,0,0,0,23461,4,0.02,13,6703,0.19,110,17219,0.64,0,2021-11
202112,03/21/2021,03/27/2021,LOW,2020-2021,0,1,917,1,0.11,1,0,0,1,0,24378,5,0.02,46,6417,0.72,110,18789,0.59,0,2021-12
202113,03/28/2021,04/03/2021,LOW,2020-2021,0,1,840,0,0.00,0,0,0,0,0,25218,5,0.02,26,6321,0.41,148,19091,0.78,0,2021-13
202114,04/04/2021,04/10/2021,LOW,2020-2021,0,1,995,0,0.00,0,0,0,0,0,26213,5,0.02,39,6488,0.60,169,20466,0.83,0,2021-14
202115,04/11/2021,04/17/2021,LOW,2020-2021,0,1,997,0,0.00,0,0,0,0,0,27210,5,0.02,30,6618,0.45,174,20962,0.83,0,2021-15
202116,04/18/2021,04/24/2021,LOW,2020-2021,0,1,894,0,0.00,0,0,0,0,0,28104,5,0.02,52,5919,0.88,203,20000,1.02,0,2021-16
202117,04/25/2021,05/01/2021,LOW,2020-2021,0,1,739,1,0.14,1,0,0,0,1,28843,6,0.02,41,6096,0.67,178,20117,0.88,0,2021-17
202118,05/02/2021,05/08/2021,LOW,2020-2021,0,1,574,0,0.00,0,0,0,0,0,29417,6,0.02,38,5996,0.63,156,20744,0.75,0,2021-18
202119,05/09/2021,05/15/2021,LOW,2020-2021,0,1,494,0,0.00,0,0,0,0,0,29911,6,0.02,57,6008,0.95,166,20041,0.83,0,2021-19
202120,05/16/2021,05/22/2021,LOW,2020-2021,0,1,472,0,0.00,0,0,0,0,0,30383,6,0.02,50,5691,0.88,174,21165,0.82,0,2021-20
202121,05/23/2021,05/29/2021,LOW,2020-2021,0,1,269,0,0.00,0,0,0,0,0,30652,6,0.02,41,5891,0.70,164,20517,0.80,0,2021-21
202122,05/30/2021,06/05/2021,LOW,2020-2021,0,1,497,0,0.00,0,0,0,0,0,31149,6,0.02,39,4490,0.87,129,20237,0.64,0,2021-22
202123,06/06/2021,06/12/2021,LOW,2020-2021,0,1,416,0,0.00,0,0,0,0,0,31565,6,0.02,46,5596,0.82,133,21862,0.61,0,2021-23
202124,06/13/2021,06/19/2021,LOW,2020-2021,0,1,462,0,0.00,0,0,0,0,0,32027,6,0.02,60,5821,1.03,130,21530,0.60,0,2021-24
202125,06/20/2021,06/26/2021,LOW,2020-2021,0,1,491,0,0.00,0,0,0,0,0,32518,6,0.02,37,5193,0.71,151,21125,0.71,0,2021-25
202126,06/27/2021,07/03/2021,LOW,2020-2021,0,1,434,0,0.00,0,0,0,0,0,32952,6,0.02,41,5524,0.74,168,21423,0.78,0,2021-26
202127,07/04/2021,07/10/2021,LOW,2020-2021,0,1,532,0,0.00,0,0,0,0,0,33484,6,0.02,33,4628,0.71,184,22364,0.82,0,2021-27
202128,07/11/2021,07/17/2021,LOW,2020-2021,1,2,489,2,0.41,1,1,0,0,1,33973,8,0.02,57,5753,0.99,211,22175,0.95,0,2021-28
202129,07/18/2021,07/24/2021,LOW,2020-2021,0,2,512,0,0.00,0,0,0,0,0,34485,8,0.02,62,5478,1.13,206,22190,0.93,0,2021-29
202130,07/25/2021,07/31/2021,LOW,2020-2021,0,2,618,0,0.00,0,0,0,0,0,35103,8,0.02,62,5811,1.07,210,22662,0.93,0,2021-30
202131,08/01/2021,08/07/2021,LOW,2020-2021,0,2,667,0,0.00,0,0,0,0,0,35770,8,0.02,52,6033,0.86,220,22236,0.99,0,2021-31
202132,08/08/2021,08/14/2021,LOW,2020-2021,0,2,695,0,0.00,0,0,0,0,0,36465,8,0.02,47,6032,0.78,235,22223,1.06,0,2021-32
202133,08/15/2021,08/21/2021,LOW,2020-2021,0,2,719,0,0.00,0,0,0,0,0,37184,8,0.02,56,5996,0.93,208,22284,0.93,0,2021-33
202134,08/22/2021,08/28/2021,LOW,2020-2021,0,2,803,4,0.50,4,0,4,0,0,37987,12,0.03,29,6192,0.47,244,21861,1.12,0,2021-34
202135,08/29/2021,09/04/2021,LOW,2020-2021,0,2,1141,0,0.00,0,0,0,0,0,39128,12,0.03,56,6189,0.90,284,22119,1.28,0,2021-35
202136,09/05/2021,09/11/2021,LOW,2020-2021,0,2,992,1,0.10,1,0,0,1,0,40120,13,0.03,46,4869,0.94,322,22594,1.43,0,2021-36
202137,09/12/2021,09/18/2021,LOW,2020-2021,0,2,1075,2,0.19,2,0,1,1,0,41195,15,0.04,104,6142,1.69,273,22670,1.20,0,2021-37
202138,09/19/2021,09/25/2021,LOW,2020-2021,0,2,876,0,0.00,0,0,0,0,0,42071,15,0.04,111,6094,1.82,235,21138,1.11,0,2021-38
202139,09/26/2021,10/02/2021,LOW,2020-2021,0,2,899,0,0.00,0,0,0,0,0,42970,15,0.04,112,6151,1.82,256,21735,1.18,0,2021-39
202140,10/03/2021,10/09/2021,LOW,2021-2022,0,0,1994,1,0.05,1,0,0,0,1,1994,1,0.05,92,6719,1.37,223,21808,1.02,0,2021-40
202141,10/10/2021,10/16/2021,LOW,2021-2022,0,0,1965,0,0.00,0,0,0,0,0,3959,1,0.03,64,6176,1.04,209,21677,0.96,0,2021-41
202142,10/17/2021,10/23/2021,LOW,2021-2022,0,0,2113,2,0.09,1,1,0,0,1,6072,3,0.05,85,6839,1.24,216,21364,1.01,0,2021-42
202143,10/24/2021,10/30/2021,LOW,2021-2022,0,0,2016,2,0.10,2,0,0,2,0,8088,5,0.06,105,6399,1.64,256,20675,1.24,0,2021-43
202144,10/31/2021,11/06/2021,LOW,2021-2022,0,0,2304,29,1.26,29,0,0,2,27,10392,34,0.33,113,6073,1.86,214,21144,1.01,0,2021-44
202145,11/07/2021,11/13/2021,LOW,2021-2022,0,0,2999,76,2.53,75,1,0,8,67,13391,110,0.82,95,6515,1.46,229,20237,1.13,0,2021-45
202146,11/14/2021,11/20/2021,LOW,2021-2022,0,0,4516,77,1.71,76,1,0,4,72,17907,187,1.04,113,6274,1.80,224,20032,1.12,0,2021-46
202147,11/21/2021,11/27/2021,LOW,2021-2022,0,0,3146,37,1.18,37,0,0,9,28,21053,224,1.06,61,4306,1.42,249,19381,1.28,0,2021-47
202148,11/28/2021,12/04/2021,LOW,2021-2022,0,0,4070,111,2.73,109,2,0,15,94,25123,335,1.33,101,6294,1.60,298,22299,1.34,0,2021-48
202149,12/05/2021,12/11/2021,LOW,2021-2022,0,0,4248,102,2.40,100,2,0,22,78,29371,437,1.49,95,6266,1.52,360,21840,1.65,0,2021-49
202150,12/12/2021,12/18/2021,LOW,2021-2022,1,1,5216,141,2.70,132,9,0,16,116,34587,578,1.67,92,6231,1.48,461,22963,2.01,0,2021-50
202151,12/19/2021,12/25/2021,LOW,2021-2022,1,2,6510,103,1.58,103,0,0,16,87,41097,681,1.66,95,4608,2.06,765,23023,3.32,0,2021-51
202152,12/26/2021,01/01/2022,LOW,2021-2022,0,2,6662,42,0.63,41,1,0,18,23,47759,723,1.51,64,4602,1.39,659,23009,2.86,0,2021-52
202201,01/02/2022,01/08/2022,LOW,2021-2022,1,3,6010,30,0.50,30,0,0,6,24,53769,753,1.40,106,6311,1.68,390,19996,1.95,0,2022-01
202202,01/09/2022,01/15/2022,LOW,2021-2022,0,3,6025,18,0.30,18,0,0,9,9,59794,771,1.29,72,6340,1.14,218,19076,1.14,0,2022-02
202203,01/16/2022,01/22/2022,LOW,2021-2022,2,5,4306,13,0.30,13,0,0,1,12,64100,784,1.22,39,5882,0.66,132,17890,0.74,0,2022-03
202204,01/23/2022,01/29/2022,LOW,2021-2022,0,5,3409,16,0.47,16,0,0,4,12,67509,800,1.19,32,5568,0.57,100,16501,0.61,0,2022-04
202205,01/30/2022,02/05/2022,LOW,2021-2022,0,5,3274,11,0.34,11,0,0,4,7,70783,811,1.15,20,5075,0.39,60,16746,0.36,0,2022-05
202206,02/06/2022,02/12/2022,LOW,2021-2022,0,5,2958,15,0.51,15,0,0,10,5,73741,826,1.12,32,5986,0.53,99,18553,0.53,0,2022-06
202207,02/13/2022,02/19/2022,LOW,2021-2022,0,5,2859,12,0.42,12,0,0,2,10,76600,838,1.09,45,5791,0.78,107,18405,0.58,0,2022-07
202208,02/20/2022,02/26/2022,LOW,2021-2022,0,5,2882,21,0.73,21,0,0,14,7,79482,859,1.08,51,5647,0.90,95,19077,0.50,0,2022-08
202209,02/27/2022,03/05/2022,LOW,2021-2022,0,5,2915,44,1.51,44,0,0,25,19,82397,903,1.10,50,5825,0.86,106,19894,0.53,0,2022-09
202210,03/06/2022,03/12/2022,LOW,2021-2022,0,5,2929,99,3.38,98,1,0,48,50,85326,1002,1.17,65,5873,1.11,159,19843,0.80,0,2022-10
202211,03/13/2022,03/19/2022,LOW,2021-2022,1,6,3186,135,4.24,130,5,2,45,83,88512,1137,1.28,91,5695,1.60,191,21650,0.88,0,2022-11
202212,03/20/2022,03/26/2022,LOW,2021-2022,2,8,3502,150,4.28,150,0,2,51,97,92014,1287,1.40,104,5674,1.83,257,21295,1.21,0,2022-12
202213,03/27/2022,04/02/2022,LOW,2021-2022,6,14,3604,211,5.85,211,0,0,74,137,95618,1498,1.57,80,5932,1.35,255,21253,1.20,0,2022-13
202214,04/03/2022,04/09/2022,LOW,2021-2022,6,20,4262,292,6.85,292,0,0,125,167,99880,1790,1.79,114,5797,1.97,321,21982,1.46,0,2022-14
202215,04/10/2022,04/16/2022,LOW,2021-2022,8,28,4607,303,6.58,301,2,0,95,206,104487,2093,2.00,97,5588,1.74,305,20748,1.47,0,2022-15
202216,04/17/2022,04/23/2022,LOW,2021-2022,6,34,4740,297,6.27,287,10,0,104,183,109227,2390,2.19,82,5295,1.55,321,21065,1.52,0,2022-16
202217,04/24/2022,04/30/2022,LOW,2021-2022,2,36,4978,315,6.33,315,0,0,133,182,114205,2705,2.37,98,5476,1.79,341,22168,1.54,0,2022-17
202218,05/01/2022,05/07/2022,LOW,2021-2022,4,40,4772,361,7.56,361,0,0,121,240,118977,3066,2.58,84,5648,1.49,400,22334,1.79,0,2022-18
202219,05/08/2022,05/14/2022,LOW,2021-2022,4,44,4773,260,5.45,260,0,0,70,190,123750,3326,2.69,111,5731,1.94,389,23608,1.65,1,2022-19
202220,05/15/2022,05/21/2022,LOW,2021-2022,0,44,4970,167,3.36,167,0,0,46,121,128720,3493,2.71,123,5855,2.10,313,23273,1.34,0,2022-20
202221,05/22/2022,05/28/2022,LOW,2021-2022,1,45,4775,110,2.30,109,1,0,27,82,133495,3603,2.70,134,5894,2.27,261,22103,1.18,0,2022-21
202222,05/29/2022,06/04/2022,LOW,2021-2022,2,47,4239,68,1.60,68,0,0,15,53,137734,3671,2.67,90,4649,1.94,297,22405,1.33,0,2022-22
202223,06/05/2022,06/11/2022,LOW,2021-2022,2,49,4352,37,0.85,37,0,0,12,25,142086,3708,2.61,98,5376,1.82,276,22112,1.25,0,2022-23
202224,06/12/2022,06/18/2022,LOW,2021-2022,1,50,4033,21,0.52,21,0,0,3,18,146119,3729,2.55,54,5491,0.98,237,22408,1.06,0,2022-24
202225,06/19/2022,06/25/2022,LOW,2021-2022,1,51,3877,18,0.46,18,0,0,2,16,149996,3747,2.50,68,5338,1.27,226,22409,1.01,0,2022-25
202226,06/26/2022,07/02/2022,LOW,2021-2022,0,51,3699,16,0.43,15,1,0,3,12,153695,3763,2.45,71,5465,1.30,218,22193,0.98,0,2022-26
202227,07/03/2022,07/09/2022,LOW,2021-2022,0,51,3334,6,0.18,6,0,0,1,5,157029,3769,2.40,34,4431,0.77,215,21686,0.99,0,2022-27
202228,07/10/2022,07/16/2022,LOW,2021-2022,0,51,3742,6,0.16,5,1,0,1,4,160771,3775,2.35,26,5586,0.47,197,21986,0.90,0,2022-28
202229,07/17/2022,07/23/2022,LOW,2021-2022,0,51,3603,3,0.08,2,1,0,0,2,164374,3778,2.30,37,5312,0.70,208,22158,0.94,0,2022-29
202230,07/24/2022,07/30/2022,LOW,2021-2022,0,51,3584,3,0.08,3,0,0,2,1,167958,3781,2.25,39,5749,0.68,194,22259,0.87,0,2022-30
202231,07/31/2022,08/06/2022,LOW,2021-2022,0,51,3203,6,0.19,6,0,0,1,5,171161,3787,2.21,45,5798,0.78,192,21832,0.88,0,2022-31
202232,08/07/2022,08/13/2022,LOW,2021-2022,0,51,2963,2,0.07,2,0,0,1,1,174124,3789,2.18,39,5936,0.66,189,21693,0.87,0,2022-32
202233,08/14/2022,08/20/2022,LOW,2021-2022,0,51,2962,2,0.07,1,1,0,1,0,177086,3791,2.14,30,5863,0.51,155,21720,0.71,0,2022-33
202234,08/21/2022,08/27/2022,LOW,2021-2022,0,51,3028,5,0.17,5,0,1,1,3,180114,3796,2.11,68,5609,1.21,207,22383,0.92,0,2022-34
202235,08/28/2022,09/03/2022,LOW,2021-2022,0,51,3527,8,0.23,8,0,0,1,7,183641,3804,2.07,86,5865,1.47,312,23621,1.32,0,2022-35
202236,09/04/2022,09/10/2022,LOW,2021-2022,0,51,3370,4,0.12,4,0,0,1,3,187011,3808,2.04,99,4900,2.02,314,23410,1.34,0,2022-36
202237,09/11/2022,09/17/2022,LOW,2021-2022,0,51,3395,6,0.18,4,2,0,0,4,190406,3814,2.00,82,5760,1.42,247,22991,1.07,0,2022-37
202238,09/18/2022,09/24/2022,LOW,2021-2022,1,52,3660,13,0.36,13,0,1,2,10,194066,3827,1.97,96,5222,1.84,297,22998,1.29,0,2022-38
202239,09/25/2022,10/01/2022,LOW,2021-2022,0,52,3694,11,0.30,10,1,1,1,8,197760,3838,1.94,88,5527,1.59,257,22091,1.16,0,2022-39
202240,10/02/2022,10/08/2022,LOW,2022-2023,1,1,3985,30,0.75,30,0,2,3,25,3985,30,0.75,128,5597,2.29,410,23305,1.76,0,2022-40
202241,10/09/2022,10/15/2022,LOW,2022-2023,0,1,4552,35,0.77,35,0,2,10,23,8537,65,0.76,117,5580,2.10,453,23284,1.95,0,2022-41
202242,10/16/2022,10/22/2022,LOW,2022-2023,0,1,4923,108,2.19,107,1,3,20,84,13460,173,1.29,134,5434,2.47,491,23595,2.08,0,2022-42
202243,10/23/2022,10/29/2022,INCREASING,2022-2023,3,4,5195,212,4.08,208,4,7,40,161,18655,385,2.06,136,5793,2.35,558,24456,2.28,0,2022-43
202244,10/30/2022,11/05/2022,INCREASING,2022-2023,5,9,5657,522,9.23,522,0,15,83,424,24312,907,3.73,164,5965,2.75,751,24884,3.02,0,2022-44
202245,11/06/2022,11/12/2022,INCREASING,2022-2023,6,15,6264,835,13.33,834,1,5,171,658,30576,1742,5.70,188,5806,3.24,894,25011,3.57,0,2022-45
202246,11/13/2022,11/19/2022,HIGH,2022-2023,20,35,7155,1526,21.33,1525,1,8,252,1265,37731,3268,8.66,207,5901,3.51,1031,24244,4.25,0,2022-46
202247,11/20/2022,11/26/2022,HIGH,2022-2023,34,69,7548,2167,28.71,2164,3,14,330,1820,45279,5435,12.00,122,4068,3.00,1321,24229,5.45,0,2022-47
202248,11/27/2022,12/03/2022,HIGH,2022-2023,29,98,8291,1962,23.66,1957,5,22,308,1627,53570,7397,13.81,192,5867,3.27,1301,25623,5.08,0,2022-48
202249,12/04/2022,12/10/2022,HIGH,2022-2023,33,131,7711,1861,24.13,1859,2,23,281,1555,61281,9258,15.11,200,6027,3.32,1005,24140,4.16,0,2022-49
202250,12/11/2022,12/17/2022,HIGH,2022-2023,21,152,7420,1343,18.10,1339,4,27,208,1104,68701,10601,15.43,148,5819,2.54,784,22713,3.45,0,2022-50
202251,12/18/2022,12/24/2022,HIGH,2022-2023,18,170,5807,714,12.30,712,2,17,130,565,74508,11315,15.19,97,4037,2.40,534,18973,2.81,0,2022-51
202252,12/25/2022,12/31/2022,HIGH,2022-2023,15,185,5699,437,7.67,437,0,19,69,349,80207,11752,14.65,54,3485,1.55,433,20721,2.09,0,2022-52
202301,01/01/2023,01/07/2023,DECREASING,2022-2023,3,188,4918,156,3.17,148,8,5,23,120,85125,11908,13.99,37,4311,0.86,350,22185,1.58,0,2023-01
202302,01/08/2023,01/14/2023,DECREASING,2022-2023,1,189,5077,97,1.91,96,1,4,12,80,90202,12005,13.31,46,5710,0.81,297,21714,1.37,0,2023-02
202303,01/15/2023,01/21/2023,DECREASING,2022-2023,0,189,4615,48,1.04,44,4,4,7,33,94817,12053,12.71,50,5813,0.86,240,21577,1.11,0,2023-03
202304,01/22/2023,01/28/2023,DECREASING,2022-2023,0,189,4621,31,0.67,26,5,1,5,20,99438,12084,12.15,78,5660,1.38,224,21238,1.05,0,2023-04
202305,01/29/2023,02/04/2023,DECREASING,2022-2023,0,189,4606,20,0.43,17,3,0,3,14,104044,12104,11.63,78,5946,1.31,210,20775,1.01,0,2023-05
202306,02/05/2023,02/11/2023,DECREASING,2022-2023,2,191,4475,40,0.89,29,11,4,3,22,108519,12144,11.19,62,5940,1.04,298,22391,1.33,0,2023-06
202307,02/12/2023,02/18/2023,DECREASING,2022-2023,2,193,4496,26,0.58,14,12,4,1,9,113015,12170,10.77,66,5667,1.16,306,22451,1.36,0,2023-07
202308,02/19/2023,02/25/2023,DECREASING,2022-2023,1,194,4281,26,0.61,14,12,3,0,11,117296,12196,10.40,81,5828,1.39,326,22266,1.46,0,2023-08
202309,02/26/2023,03/04/2023,LOW,2022-2023,0,194,4470,22,0.49,12,10,0,2,10,121766,12218,10.03,90,5946,1.51,358,22818,1.57,0,2023-09
202310,03/05/2023,03/11/2023,LOW,2022-2023,1,195,4358,21,0.48,8,13,2,1,5,126124,12239,9.70,65,5947,1.09,376,22892,1.64,0,2023-10
202311,03/12/2023,03/18/2023,LOW,2022-2023,1,196,3836,26,0.68,16,10,4,0,12,129960,12265,9.44,93,5772,1.61,326,22720,1.43,0,2023-11
202312,03/19/2023,03/25/2023,LOW,2022-2023,1,197,3894,27,0.69,17,10,6,0,11,133854,12292,9.18,81,5520,1.47,358,23401,1.53,0,2023-12
202313,03/26/2023,04/01/2023,LOW,2022-2023,0,197,3683,35,0.95,12,23,2,1,9,137537,12327,8.96,75,5719,1.31,325,22931,1.42,0,2023-13
202314,04/02/2023,04/08/2023,LOW,2022-2023,1,198,3362,11,0.33,2,9,0,0,2,140899,12338,8.76,51,5550,0.92,272,21390,1.27,0,2023-14
202315,04/09/2023,04/15/2023,LOW,2022-2023,0,198,3438,37,1.08,14,23,3,4,7,144337,12375,8.57,46,5607,0.82,288,23530,1.22,0,2023-15
202316,04/16/2023,04/22/2023,LOW,2022-2023,0,198,3279,19,0.58,9,10,1,2,6,147616,12394,8.40,37,5405,0.68,255,23099,1.10,0,2023-16
202317,04/23/2023,04/29/2023,LOW,2022-2023,0,198,3043,29,0.95,7,22,1,0,6,150659,12423,8.25,46,5886,0.78,266,22823,1.17,0,2023-17
202318,04/30/2023,05/06/2023,LOW,2022-2023,1,199,3414,28,0.82,5,23,0,0,5,154073,12451,8.08,48,5716,0.84,307,23520,1.31,0,2023-18
202319,05/07/2023,05/13/2023,LOW,2022-2023,1,200,2938,38,1.29,16,22,5,1,10,157011,12489,7.95,46,5395,0.85,254,23837,1.07,0,2023-19
202320,05/14/2023,05/20/2023,LOW,2022-2023,1,201,2900,31,1.07,12,19,1,0,11,159911,12520,7.83,48,5344,0.90,242,23766,1.02,0,2023-20
202321,05/21/2023,05/27/2023,LOW,2022-2023,0,201,2882,35,1.21,11,24,2,1,8,162793,12555,7.71,47,5230,0.90,279,23067,1.21,0,2023-21
202322,05/28/2023,06/03/2023,LOW,2022-2023,1,202,2846,32,1.12,7,25,2,0,5,165639,12587,7.60,38,4123,0.92,236,23399,1.01,0,2023-22
202323,06/04/2023,06/10/2023,LOW,2022-2023,1,203,2921,17,0.58,4,13,0,0,4,168560,12604,7.48,31,5238,0.59,219,23818,0.92,0,2023-23
202324,06/11/2023,06/17/2023,LOW,2022-2023,0,203,2595,15,0.58,7,8,3,0,4,171155,12619,7.37,27,5084,0.53,166,22354,0.74,0,2023-24
202325,06/18/2023,06/24/2023,LOW,2022-2023,0,203,2493,15,0.60,9,6,2,1,6,173648,12634,7.28,23,5150,0.45,162,22226,0.73,0,2023-25
202326,06/25/2023,07/01/2023,LOW,2022-2023,1,204,2373,3,0.13,3,0,0,0,3,176021,12637,7.18,16,5175,0.31,120,21946,0.55,0,2023-26
202327,07/02/2023,07/08/2023,LOW,2022-2023,0,204,2407,4,0.17,3,1,1,0,2,178428,12641,7.08,13,3554,0.37,122,21035,0.58,0,2023-27
202328,07/09/2023,07/15/2023,LOW,2022-2023,0,204,2476,2,0.08,1,1,0,1,0,180904,12643,6.99,13,5426,0.24,114,22198,0.51,0,2023-28
202329,07/16/2023,07/22/2023,LOW,2022-2023,0,204,2366,6,0.25,3,3,1,0,2,183270,12649,6.90,22,5146,0.43,112,22684,0.49,0,2023-29
202330,07/23/2023,07/29/2023,LOW,2022-2023,0,204,2220,5,0.23,4,1,2,0,2,185490,12654,6.82,14,5104,0.27,133,22508,0.59,0,2023-30
202331,07/30/2023,08/05/2023,LOW,2022-2023,0,204,2574,8,0.31,3,5,1,0,2,188064,12662,6.73,19,4991,0.38,125,22729,0.55,0,2023-31
202332,08/06/2023,08/12/2023,LOW,2022-2023,0,204,2644,16,0.61,8,8,2,2,4,190708,12678,6.65,12,5316,0.23,144,22405,0.64,0,2023-32
202333,08/13/2023,08/19/2023,LOW,2022-2023,0,204,2801,10,0.36,7,3,2,0,5,193509,12688,6.56,20,5328,0.38,181,22418,0.81,0,2023-33
202334,08/20/2023,08/26/2023,LOW,2022-2023,0,204,3018,16,0.53,15,1,5,1,9,196527,12704,6.46,24,5109,0.47,207,22878,0.90,0,2023-34
202335,08/27/2023,09/02/2023,LOW,2022-2023,0,204,3432,4,0.12,3,1,2,0,1,199959,12708,6.36,52,5199,1.00,265,23416,1.13,0,2023-35
202336,09/03/2023,09/09/2023,LOW,2022-2023,1,205,3621,8,0.22,4,4,0,1,3,203580,12716,6.25,42,4341,0.97,323,24124,1.34,0,2023-36
202337,09/10/2023,09/16/2023,LOW,2022-2023,1,206,3866,15,0.39,13,2,2,2,9,207446,12731,6.14,59,5278,1.12,293,23691,1.24,0,2023-37
202338,09/17/2023,09/23/2023,LOW,2022-2023,0,206,3656,12,0.33,9,3,2,1,6,211102,12743,6.04,60,4886,1.23,366,23625,1.55,0,2023-38
202339,09/24/2023,09/30/2023,LOW,2022-2023,0,206,3731,12,0.32,11,1,1,1,9,214833,12755,5.94,36,5116,0.70,333,23744,1.40,0,2023-39
202340,10/01/2023,10/07/2023,LOW,2023-2024,0,0,4323,31,0.72,23,8,7,2,14,4323,31,0.72,56,5082,1.10,341,24397,1.40,0,2023-40
202342,10/15/2023,10/21/2023,LOW,2023-2024,2,2,4502,62,1.38,60,2,8,3,49,13216,137,1.04,56,4882,1.15,382,23905,1.60,0,2023-42
202345,11/05/2023,11/11/2023,INCREASING,2023-2024,1,4,5129,122,2.38,108,14,18,2,88,27801,363,1.31,99,5195,1.91,531,24348,2.18,0,2023-45
202344,10/29/2023,11/04/2023,LOW,2023-2024,0,3,4800,39,0.81,38,1,8,1,29,22672,241,1.06,65,5033,1.29,450,23024,1.95,0,2023-44
202346,11/12/2023,11/18/2023,INCREASING,2023-2024,6,10,5632,156,2.77,139,17,15,13,111,33433,519,1.55,136,5437,2.50,579,24847,2.33,0,2023-46
202343,10/22/2023,10/28/2023,LOW,2023-2024,1,3,4656,65,1.40,62,3,9,5,48,17872,202,1.13,89,5106,1.74,396,24422,1.62,0,2023-43
202347,11/19/2023,11/25/2023,INCREASING,2023-2024,8,18,5175,221,4.27,203,18,19,8,176,38608,740,1.92,65,3804,1.71,567,22444,2.53,0,2023-47
202348,11/26/2023,12/02/2023,INCREASING,2023-2024,11,29,6278,263,4.19,248,15,20,14,214,44886,1003,2.23,108,5504,1.96,701,24693,2.84,0,2023-48
202349,12/03/2023,12/09/2023,INCREASING,2023-2024,12,41,6394,459,7.18,412,47,43,30,339,51280,1462,2.85,93,5133,1.81,721,25272,2.85,0,2023-49
202350,12/10/2023,12/16/2023,INCREASING,2023-2024,20,61,6876,712,10.35,667,45,67,33,567,58156,2174,3.74,87,4929,1.77,887,24792,3.58,0,2023-50
202351,12/17/2023,12/23/2023,INCREASING,2023-2024,34,95,7588,1091,14.38,1045,46,100,76,869,65744,3265,4.97,84,4592,1.83,947,24455,3.87,0,2023-51
202352,12/24/2023,12/30/2023,HIGH,2023-2024,33,128,5971,868,14.54,807,61,60,38,709,71715,4133,5.76,60,3065,1.96,982,24160,4.06,0,2023-52
202401,12/31/2023,01/06/2024,HIGH,2023-2024,27,155,6761,785,11.61,728,57,69,41,618,78476,4918,6.27,63,3790,1.66,748,23566,3.17,0,2024-01
202403,01/14/2024,01/20/2024,DECREASING,2023-2024,11,189,5181,375,7.24,329,46,38,21,270,89989,5859,6.51,45,3979,1.13,415,19938,2.08,0,2024-03
202404,01/21/2024,01/27/2024,DECREASING,2023-2024,11,200,4833,332,6.87,273,59,24,17,232,94822,6191,6.53,35,4951,0.71,399,22020,1.81,0,2024-04
202341,10/08/2023,10/14/2023,LOW,2023-2024,0,0,4391,44,1.00,42,2,6,6,30,8714,75,0.86,60,4650,1.29,371,22954,1.62,0,2023-41
202402,01/07/2024,01/13/2024,DECREASING,2023-2024,23,178,6332,566,8.94,526,40,43,33,450,84808,5484,6.47,74,4419,1.67,618,22268,2.78,0,2024-02
202405,01/28/2024,02/03/2024,DECREASING,2023-2024,5,205,5130,344,6.71,275,69,33,10,232,99952,6535,6.54,57,5132,1.11,404,22499,1.80,0,2024-05
202411,03/10/2024,03/16/2024,DECREASING,2023-2024,14,266,5212,417,8.00,156,261,12,12,132,131262,9095,6.93,57,5122,1.11,473,22727,2.08,0,2024-11
202419,05/05/2024,05/11/2024,LOW,2023-2024,2,298,4589,59,1.29,19,40,2,1,16,166684,11090,6.65,56,5113,1.10,250,22453,1.11,0,2024-19
202407,02/11/2024,02/17/2024,DECREASING,2023-2024,13,224,5101,355,6.96,199,156,14,9,176,110141,7218,6.55,60,4902,1.22,409,21498,1.90,0,2024-07
202408,02/18/2024,02/24/2024,DECREASING,2023-2024,9,233,5285,474,8.97,248,226,26,8,214,115426,7692,6.66,67,5200,1.29,508,22519,2.26,0,2024-08
202409,02/25/2024,03/02/2024,DECREASING,2023-2024,11,244,4935,450,9.12,214,236,25,17,172,120361,8142,6.76,64,5282,1.21,447,22720,1.97,0,2024-09
202410,03/03/2024,03/09/2024,DECREASING,2023-2024,8,252,5689,536,9.42,189,347,13,12,164,126050,8678,6.88,52,5069,1.03,489,22769,2.15,0,2024-10
202412,03/17/2024,03/23/2024,DECREASING,2023-2024,7,273,5072,401,7.91,142,259,14,8,120,136334,9496,6.97,59,5069,1.16,477,22699,2.10,0,2024-12
202413,03/24/2024,03/30/2024,DECREASING,2023-2024,3,276,4362,324,7.43,126,198,16,12,98,140696,9820,6.98,35,4505,0.78,503,21923,2.29,0,2024-13
202414,03/31/2024,04/06/2024,DECREASING,2023-2024,3,279,5329,387,7.26,162,225,13,21,128,146025,10207,6.99,54,4694,1.15,457,22112,2.07,0,2024-14
202415,04/07/2024,04/13/2024,DECREASING,2023-2024,6,285,4097,277,6.76,108,169,6,11,91,150122,10484,6.98,43,4799,0.90,405,22672,1.79,0,2024-15
202416,04/14/2024,04/20/2024,DECREASING,2023-2024,7,292,3863,242,6.26,93,149,27,11,55,153985,10726,6.97,59,4929,1.20,361,23198,1.56,0,2024-16
202417,04/21/2024,04/27/2024,LOW,2023-2024,3,295,4571,158,3.46,56,102,1,8,47,158556,10884,6.86,45,5063,0.89,286,22754,1.26,0,2024-17
202418,04/28/2024,05/04/2024,LOW,2023-2024,1,296,3539,147,4.15,52,95,6,7,39,162095,11031,6.81,44,5112,0.86,282,23238,1.21,0,2024-18
202406,02/04/2024,02/10/2024,DECREASING,2023-2024,6,211,5088,328,6.45,231,97,24,18,189,105040,6863,6.53,55,4862,1.13,422,22200,1.90,0,2024-06
202420,05/12/2024,05/18/2024,LOW,2023-2024,0,298,4612,30,0.65,9,21,3,2,4,171296,11120,6.49,37,5139,0.72,291,23597,1.23,0,2024-20
202421,05/19/2024,05/25/2024,LOW,2023-2024,0,298,2883,25,0.87,9,16,2,1,6,174179,11145,6.40,53,4717,1.12,226,23601,0.96,0,2024-21
202422,05/26/2024,06/01/2024,LOW,2023-2024,0,298,2537,15,0.59,5,10,1,0,4,176716,11160,6.32,21,3857,0.54,205,22259,0.92,0,2024-22
202423,06/02/2024,06/08/2024,LOW,2023-2024,0,298,2296,15,0.65,9,6,0,1,8,179012,11175,6.24,29,4825,0.60,217,22783,0.95,0,2024-23
202424,06/09/2024,06/15/2024,LOW,2023-2024,1,299,2301,8,0.35,6,2,1,0,5,181313,11183,6.17,26,4885,0.53,189,22337,0.85,0,2024-24
202425,06/16/2024,06/22/2024,LOW,2023-2024,0,299,1950,8,0.41,8,0,0,3,5,183263,11191,6.11,24,4609,0.52,151,22345,0.68,0,2024-25
202426,06/23/2024,06/29/2024,LOW,2023-2024,0,299,2073,10,0.48,10,0,1,0,9,185336,11201,6.04,23,4611,0.50,151,22494,0.67,0,2024-26
202427,06/30/2024,07/06/2024,LOW,2023-2024,1,300,1973,8,0.41,7,1,1,0,6,187309,11209,5.98,7,3491,0.20,123,21400,0.57,0,2024-27
202428,07/07/2024,07/13/2024,LOW,2023-2024,0,300,2188,7,0.32,7,0,0,0,7,189497,11216,5.92,14,4908,0.29,130,22519,0.58,0,2024-28
202429,07/14/2024,07/20/2024,LOW,2023-2024,0,300,2215,6,0.27,6,0,1,0,5,191712,11222,5.85,10,5036,0.20,171,22715,0.75,0,2024-29
202430,07/21/2024,07/27/2024,LOW,2023-2024,0,300,2347,9,0.38,7,2,2,0,5,194059,11231,5.79,17,4917,0.35,210,22551,0.93,0,2024-30
202431,07/28/2024,08/03/2024,LOW,2023-2024,0,300,2364,6,0.25,3,3,0,0,3,196423,11237,5.72,11,5063,0.22,153,22603,0.68,0,2024-31
202435,08/25/2024,08/31/2024,LOW,2023-2024,0,300,2100,7,0.33,4,3,1,2,1,205692,11262,5.48,28,4816,0.58,230,22902,1.00,0,2024-35
202437,09/08/2024,09/14/2024,LOW,2023-2024,1,302,2583,5,0.19,5,0,0,0,5,210372,11272,5.36,79,5230,1.51,304,23072,1.32,0,2024-37
202432,08/04/2024,08/10/2024,LOW,2023-2024,0,300,2497,7,0.28,6,1,1,0,5,198920,11244,5.65,13,4848,0.27,183,22225,0.82,0,2024-32
202433,08/11/2024,08/17/2024,LOW,2023-2024,0,300,2520,5,0.20,5,0,2,0,3,201440,11249,5.58,19,5209,0.36,191,22499,0.85,0,2024-33
202434,08/18/2024,08/24/2024,LOW,2023-2024,0,300,2152,6,0.28,6,0,1,2,3,203592,11255,5.53,22,4988,0.44,212,21889,0.97,0,2024-34
202436,09/01/2024,09/07/2024,LOW,2023-2024,1,301,2097,5,0.24,5,0,0,0,5,207789,11267,5.42,41,4048,1.01,277,23459,1.18,0,2024-36
